{
  "placement": {
    "type": "minecraft:random_spread",
    "exclusion_zone": {
      "chunk_count": 6,
      "other_set": "minecraft:villages"
    },
    "frequency": 0.2,
    "frequency_reduction_method": "legacy_type_1",
    "salt": 165745296,
    "separation": 4,
    "spacing": 20
  },
  "structures": [
    {
      "structure": "minecraft:pillager_outpost",
      "weight": 5
    },
    {
      "structure": "minecraft:village_plains",
      "weight": 1
    },
    {
      "structure": "minecraft:village_desert",
      "weight": 1
    },
    {
      "structure": "minecraft:village_savanna",
      "weight": 1
    },
    {
      "structure": "minecraft:village_snowy",
      "weight": 1
    },
    {
      "structure": "minecraft:village_taiga",
      "weight": 1
    }
  ]
}