{
  "placement": {
    "type": "minecraft:random_spread",
    "salt": 34222645,
    "separation": 4,
    "spacing": 6
  },
  "structures": [
    {
      "structure": "minecraft:ruined_portal",
      "weight": 1
    },
    {
      "structure": "minecraft:ruined_portal_desert",
      "weight": 1
    },
    {
      "structure": "minecraft:ruined_portal_jungle",
      "weight": 1
    },
    {
      "structure": "minecraft:ruined_portal_swamp",
      "weight": 1
    },
    {
      "structure": "minecraft:ruined_portal_mountain",
      "weight": 1
    },
    {
      "structure": "minecraft:ruined_portal_ocean",
      "weight": 1
    },
    {
      "structure": "minecraft:ruined_portal_nether",
      "weight": 1
    },
    {
      "structure": "minecraft:village_plains",
      "weight": 1
    },
    {
      "structure": "minecraft:village_desert",
      "weight": 1
    },
    {
      "structure": "minecraft:village_savanna",
      "weight": 1
    },
    {
      "structure": "minecraft:village_snowy",
      "weight": 1
    },
    {
      "structure": "minecraft:village_taiga",
      "weight": 1
    }
  ]
}