{
  "feature": "minecraft:flower_flower_forest",
  "placement": [
    {
      "type": "minecraft:count",
      "count": {
        "type": "minecraft:weighted_list",
        "distribution": [
          {
            "data": 1,
            "weight": 9
          },
          {
            "data": 2,
            "weight": 1
          },
          {
            "data": 0,
            "weight": 7
          }
        ]
      }
    },
    {
      "type": "minecraft:rarity_filter",
      "chance": 2
    },
    {
      "type": "minecraft:in_square"
    },
    {
      "type": "minecraft:heightmap",
      "heightmap": "MOTION_BLOCKING"
    },
    {
      "type": "minecraft:biome"
    }
  ]
}