{
  "feature": "minecraft:patch_dead_bush",
  "placement": [
    {
      "type": "minecraft:count",
      "count": {
        "type": "minecraft:weighted_list",
        "distribution": [
          {
            "data": 1,
            "weight": 9
          },
          {
            "data": 2,
            "weight": 1
          },
          {
            "data": 0,
            "weight": 90
          }
        ]
      }
    },
    {
      "type": "minecraft:in_square"
    },
    {
      "type": "minecraft:heightmap",
      "heightmap": "WORLD_SURFACE_WG"
    },
    {
      "type": "minecraft:biome"
    }
  ]
}